name,run,index,step,timestamp,version,cpu_user,cpu_system,cpu_user_system,cpu_idle,cpu_iowait,memory_ram,memory_swap,memory_ram_swap,disk_read_count,disk_write_count,disk_read_bytes,disk_write_bytes,disk_read_time,disk_write_time,disk_busy_time,network_received_count,network_sent_count,network_received_bytes,network_sent_bytes,network_received_error,network_sent_error,network_received_drop,network_sent_drop
my-case-name,1,1,1,0.0,2,0.0,0.0,0.0,0.0,0.0,0,0,0,0,0,0,0,0,0,0,0,0,0,0,0,0,0,0
my-case-name,1,2,1,1.05,2,0.5,0.25,0.75,0.1,0.0,1000000,500000,1500000,100,1000,1024,10240,20,150,100,10,20,2560,10240,0,0,0,0
my-case-name,1,3,2,1.9,2,1.0,0.5,1.5,0.2,0.0,1500000,1000000,2500000,110,1100,14080,140800,30,170,120,20,40,5120,20480,0,0,0,0
my-case-name,1,4,2,2.9,2,1.5,2.0,3.5,0.3,0.0,1000000,1000000,2000000,120,1200,15360,153600,40,190,140,30,60,7680,30720,0,0,0,0
my-case-name,1,5,2,3.9,2,2.0,2.5,4.5,0.4,0.0,2500000,1000000,3500000,130,1300,16640,166400,50,210,160,40,80,10240,40960,0,0,0,0
my-case-name,2,6,3,5.0,2,2.5,3.0,5.5,0.5,0.0,500000,1000000,1500000,140,1400,17920,179200,60,230,180,50,100,12800,51200,0,0,0,0
my-case-name,2,7,4,6.0,2,5.0,5.0,10.0,0.6,0.0,5000000,1000000,6000000,150,1500,19200,192000,70,250,200,60,120,15360,61440,0,0,0,0
my-case-name,2,8,4,7.0,2,7.0,8.0,15.0,0.7,0.0,1000000,1000000,2000000,160,1600,20480,204800,80,270,220,70,140,17920,71680,0,0,0,0
my-case-name,2,9,4,8.9,2,7.0,8.0,15.0,0.8,0.0,1000000,1000000,2000000,170,1700,21760,217600,90,290,240,80,160,20480,81920,0,0,0,0
my-case-name,2,10,4,9.0,2,10.0,8.0,18.0,0.9,0.0,1000000,500000,1500000,180,1800,23040,230400,100,310,260,90,180,23040,92160,0,0,0,0
